old_name,new_name
Adam Quam,Parker Quam
Addison DeShambo,Justin DeShambo
Adon Mitchell,Blake Mitchell
Aiden Calderon,Kannon Calderon
Alec Ogden,Jason Ogden
Alex Cyskiewicz,Jeff Cyskiewicz
Alex Nelson,Patrick Nelson
Alex Pethan,Zach Pethan
Alijah Maher-Parr,Will Maher-Parr
Ammiel Jackson,Peyton Jackson
Andres Campos,Braydon Campos
Anthony Whitlow,Alex Whitlow
Austin Tackman,Tyler Tackman
Austin Vincent,Conner Vincent
Ben Carani,Daniel Carani
Ben Wileman,Tanner Wileman
Blake Fehrmann,Preston Fehrmann
Braden Stoffel,Caden Stoffel
Brady Burrill,Ty Burrill
Brady Tosterud,Matthew Tosterud
Braeden Barrett,Mustafa Barrett
Braedon Vollmer,Ammiel Vollmer
Brandon Ausprung,Alijah Ausprung
Braydon Harmon,Noah Harmon
Brendan Cavanaugh,Carson Cavanaugh
Brian Wilterdink,Niko Wilterdink
Brock Grosinske,Ryan Grosinske
Bryson Clarson,Brady Clarson
Caden Mulhollon,Nate Mulhollon
Caden Naselli,Jabari Naselli
Caden Straka,Jaden Straka
Caleb Eastep,Owen Eastep
Cameron Culberson,Adam Culberson
Carson Bresser,Ryan Bresser
Carter Sessa,Kyle Sessa
Casey Morrison,Makaio Morrison
Chad Gerig,Scotty Gerig
Chip Dose,Kobe Dose
Christian Crump,Jack Crump
Chudi Ifediora,Nathan Ifediora
Cody Koch,Quinn Koch
Cole Poorman,Marquez Poorman
Cole Yocum,Dominik Yocum
Conner Diestelhorst,Drake Diestelhorst
Daeshon Benson,Eli Benson
Dain Hudson,Joey Hudson
Daniel Baggett,Shane Baggett
Daniel James,Emanuel James
Daniel Zdroik,Shelvin Zdroik
Darrick Hill,Nate Hill
Dawson Rondorf,Keda Rondorf
Diego Przeslakowski,Kyle Przeslakowski
Dominik McVay,Andres McVay
Drake Martin,Nolan Martin
Drew Dlugopolski,Shane Dlugopolski
Dylan Ramirez,Steven Ramirez
Dyson Klubertanz,Ethan Klubertanz
Egon Hein,Reed Hein
Eli Hoelke,Cameron Hoelke
Emanuel Spandiary,Lucas Spandiary
Emmett Lentz,Diego Lentz
Emmitt Hawkins,Caden Hawkins
Ethan Gallagher,Drew Gallagher
Evan Lewandowski,Lee Lewandowski
Ezra Stein,Seth Stein
Garrett Savard,Christian Savard
Gavin Black,Kyle Black
Hawk Heffner,Braedon Heffner
Jabari Baker,Hawk Baker
Jack Dummer,Casey Dummer
Jack Kropke,Daeshon Kropke
Jackson Chryst,Josh Chryst
Jackson Schooley,Justin Schooley
Jacob Possorek,Keagan Possorek
Jaden Hendrickson,Sergio Hendrickson
Jaden Kikkert,Brady Kikkert
Jake Fieiras,Jordan Fieiras
Jake Holcombe,Caleb Holcombe
Jake Kaminski,Jimmy Kaminski
Jake Wuebben,Garrett Wuebben
Jakob Simmons,Dawson Simmons
James Piggot,Roy Piggot
James Tsakonas,Jackson Tsakonas
Jarek Slavin,Jarek Slavin
Jason Ceniti,Jakob Ceniti
Jaxson Retrum,Evan Retrum
Jaylon Edmonson,Nick Edmonson
Jeff Isotalo-McGuire,Jake Isotalo-McGuire
Jimmy Matanovic,Ezra Matanovic
Joey Antonietti,Jake Antonietti
John Pekar,Chudi Pekar
Jordan Wuensch,Sam Wuensch
Josh Maier,Ty Maier
Julian McPhail,Alec McPhail
Justin Allen,Tyson Allen
Justin Hall,Daniel Hall
Kaden Sleets,Kamrin Sleets
Kamden Wollard,Sam Wollard
Kamrin Hutt,Sammy Hutt
Kannon Nesslage,Cody Nesslage
Keagan Sobol,Ben Sobol
Keda Seals,Trey Seals
Kobe Cullen,Jake Cullen
Kyle Doll,Braden Doll
Kyle Gallagher,Jake Gallagher
Kyle Koelblinger,Emmett Koelblinger
Lee Barnes,Brian Barnes
Liam Wrench,Liam Wrench
Lucas Sadler,Malachi Sadler
Luke Nelson,Gavin Nelson
Makaio Harn,Egon Harn
Malachi Munoz,Tucker Munoz
Marlon Cystrunk,James Cystrunk
Marquez Williams,Aiden Williams
Mason Stepanski,Brendan Stepanski
Matt Burba,Marlon Burba
Matthew Walther,Michael Walther
Michael Coates,Rudy Coates
Mika Gutoski,Nehemiah Gutoski
Mikey Taraboi,Nathan Taraboi
Mustafa Washington,Cole Washington
Nate Smith,Kaden Smith
Nate Van Lankveldt,Xavier Van Lankveldt
Nathan Custer,Mason Custer
Nathan Goehring,Sam Goehring
Nathan Miller,Daniel Miller
Nathan Zak,Jack Zak
Nehemiah Lomax,Bryson Lomax
Nic Hall,Ryan Hall
Nick Wind,Reid Wind
Niko Lemke,Darrick Lemke
Noah Galindo,Brock Galindo
Nolan Hawk,Dyson Hawk
Omari Rhinehart,Jaylon Rhinehart
Owen Huber,Austin Huber
Parker Breunig,Carter Breunig
Patrick Lippe,Luke Lippe
Peyton Brown,Tamir Brown
Preston Strasburg,Emmitt Strasburg
Quinn Kelly,Braeden Kelly
Reed Farrington,Ben Farrington
Reid Spencer,Thomas Spencer
Roary Jones,Ryan Jones
Roy Panthier,Tommy Panthier
Rudy Detweiler,Nathan Detweiler
Ryan Heffelfinger,Jacob Heffelfinger
Ryan Liszka,Jackson Liszka
Ryan Little,Caden Little
Ryan Lund,Chad Lund
Sam Ackley,Tim Ackley
Sam DeLany,Chip DeLany
Sam Dodd,Cole Dodd
Sammy Smith,Anthony Smith
Scotty Kinnick,John Kinnick
Sergio Carini,James Carini
Seth Roberts,Tegan Roberts
Shane McGrail,Omari McGrail
Shane Szudarski,Matt Szudarski
Shelvin Garrett,Will Garrett
Silvio Lanza,Dain Lanza
Steven Hein,Travis Hein
Tamir Thomas,Roary Thomas
Tanner Inglima,Julian Inglima
Taylen Nash,Alex Nash
Tegan Christiansen,Taylen Christiansen
Thomas Wojnowski,Tyler Wojnowski
Tim Seramur,Nathan Seramur
Tommy Coates,Kamden Coates
Travis Hayes,Zach Hayes
Trey Castella,Brandon Castella
Tucker Hanson,Jaden Hanson
Ty Poorman,Silvio Poorman
Ty Tipton,Mika Tipton
Tyler Fimple,Addison Fimple
Tyler Holte,Jaxson Holte
Tyson Harvey,Dylan Harvey
Will Schroeder,Nic Schroeder
Will Vaile,Austin Vaile
Xavier Ganfield,Adon Ganfield
Xavier Saldana,Mikey Saldana
Zach Paprocki,Xavier Paprocki
Zach Sherman,Alex Sherman
