Starbucks,Am Bahnhof 40,57072,Siegen,Germany
Starbucks,Neue Promenade 3,10178,Berlin,Germany
Starbucks,Dircksenstrasse 2,10179,Berlin,Germany
Starbucks,Alexanderplatz 2,10178,Berlin,Germany
Starbucks,Grunerstrasse 20,10719,Berlin,Germany
Starbucks,Friedrichstrasse 96,10117,Berlin,Germany
Starbucks,Friedrichstrasse 61,10117,Berlin,Germany
Starbucks,Pariser Platz 4a,10117,Berlin,Germany
Starbucks,Am Ostbahnhof,10559,Berlin,Germany
Starbucks,Europaplatz 1,10557,Berlin,Germany
Starbucks,Warschauer Strasse,10243,Berlin,Germany
Starbucks,Hardenbergplatz 11,10623,Berlin,Germany
Starbucks,Hadenbergplatz 11,10623,Berlin,Germany
Starbucks,Kurfuerstendamm  231,10719,Berlin,Germany
Starbucks,Joachimsthaler Straﬂe 1-4,10623,Berlin,Germany
Starbucks,Kurfuerstendamm 61,10707,Berlin,Germany
Starbucks,Melli-Beese-Ring 1 Terminal 1 Ebene E2 Abflug,12521,Berlin,Germany
